{
  "folder": "/home/niflheim2/cmr/C2DB-ASR/tree/A/C/C2-a6735a4a3797",
  "uid": "2C-1",
  "olduid": "C2-a6735a4a3797",
  "international": "P6/mmm",
  "number": 191,
  "pointgroup": "6/mmm",
  "has_inversion_symmetry": true,
  "lgnum": 80,
  "layergroup": "p6/mmm",
  "bravais_type": "Hexagonal (hp)",
  "thickness": 3.224913225352566e-08,
  "label": "original03-18",
  "gap": 0.0003000685114302737,
  "gap_dir": 0.0003000685114309398,
  "gap_dir_nosoc": 0.000308946496943463,
  "evac": 2.3363375983102452,
  "efermi": -4.248481577688634,
  "vbm": -4.248631611944349,
  "cbm": -4.2483315434329185,
  "minhessianeig": -7.00605419619458e-12,
  "dyn_stab": "Yes",
  "gap_hse": 0.0002564957267392476,
  "gap_dir_hse": 0.0002564957267392476,
  "efermi_hse": -4.213085568171573,
  "vbm_hse": -4.213213816034942,
  "cbm_hse": -4.212957320308203,
  "alphax_el": 6.574592003348396,
  "alphay_el": 6.574592003348392,
  "alphaz_el": 0.1533681498711251,
  "plasmafrequency_x": 0.0,
  "plasmafrequency_y": 0.0,
  "energy": -18.453766945888727,
  "icsd_id": 96620,
  "cod_id": 9012705,
  "doi": "10.1126/science.1102896",
  "is_magnetic": false,
  "spin_axis": "z",
  "dE_zx": 0.0,
  "dE_zy": 0.0,
  "topology": "Z2=1,C_M=1",
  "ehull": 0.0,
  "hform": -0.007391614814171277
}